{"Game.fire":"scene","background.jpg":"texture","ground.png":"texture","star.png":"texture","PurpleMonster.png":"texture","mikado_outline_shadow.fnt":"bitmap-font","Button_JUMP.ts":"typescript","Game.ts":"typescript","Star.ts":"typescript","Player.ts":"typescript","Score.ts":"typescript","Opt.ts":"typescript","DataPoster.ts":"typescript","MyData.ts":"typescript","UserData.ts":"typescript","EnemyData.ts":"typescript","NetWork.ts":"typescript","DataBuffer.ts":"typescript","ProtocolHead.ts":"typescript","biostream.ts":"typescript","ProtocolMsg.ts":"typescript","ProtocolXYID.ts":"typescript","SomeDefine.ts":"typescript","NetConfig.ts":"typescript","star.prefab":"prefab","Player.prefab":"prefab","Score.prefab":"prefab","mikado_outline_shadow.png":"texture","jump.mp3":"audio-clip","score.mp3":"audio-clip"}