{"Login.fire":"scene","background.jpg":"texture","ground.png":"texture","mikado_outline_shadow.fnt":"bitmap-font","Button_OK.ts":"typescript","AppManager.ts":"typescript","NetWork.ts":"typescript","DataBuffer.ts":"typescript","ProtocolHead.ts":"typescript","biostream.ts":"typescript","ProtocolMsg.ts":"typescript","ProtocolXYID.ts":"typescript","MyData.ts":"typescript","UserData.ts":"typescript","DataPoster.ts":"typescript","SomeDefine.ts":"typescript","NetConfig.ts":"typescript","mikado_outline_shadow.png":"texture"}